{
  "s1_h1_to_h3": {
    "rtts": [
      1117.0,
      611.0,
      107.0,
      25.0,
      24.3,
      24.1,
      24.2,
      24.3,
      24.1,
      24.1,
      24.1,
      24.1,
      24.1,
      24.2,
      24.4,
      24.1,
      24.2,
      24.2,
      24.1,
      24.1
    ],
    "count": 20,
    "min": 24.085,
    "avg": 112.325,
    "max": 1117.388,
    "mdev": 263.674,
    "loss_pct": 0,
    "jitter": 57.584210526315786
  },
  "s1_h2_to_h4": {
    "rtts": [],
    "count": 0,
    "loss_pct": 100,
    "jitter": 0.0
  },
  "s2_h1_to_h3": {
    "rtts": [
      24.4,
      24.1,
      24.1,
      24.1,
      24.1,
      24.1,
      24.1,
      24.1,
      24.2,
      24.3,
      24.1,
      24.1,
      24.2,
      24.2,
      24.1
    ],
    "count": 15,
    "min": 24.077,
    "avg": 24.154,
    "max": 24.389,
    "mdev": 0.078,
    "loss_pct": 0,
    "jitter": 0.06428571428571368
  },
  "s2_h1_to_h4": {
    "rtts": [],
    "count": 0,
    "loss_pct": 100,
    "jitter": 0.0
  },
  "s2_h2_to_h3": {
    "rtts": [],
    "count": 0,
    "loss_pct": 100,
    "jitter": 0.0
  },
  "s2_h2_to_h4": {
    "rtts": [],
    "count": 0,
    "loss_pct": 100,
    "jitter": 0.0
  },
  "s3_burst_h1_h3": {
    "rtts": [],
    "count": 0,
    "loss_pct": 100,
    "jitter": 0.0
  },
  "s3_extended_h1_h3": {
    "rtts": [],
    "count": 0,
    "loss_pct": 100,
    "jitter": 0.0
  },
  "s4_path1_fast": {
    "rtts": [],
    "count": 0,
    "loss_pct": 100,
    "jitter": 0.0
  },
  "s4_path2_slow": {
    "rtts": [],
    "count": 0,
    "loss_pct": 100,
    "jitter": 0.0
  }
}